ratio	area name	Age Group	Value
0.1085610935	Kensington and Chelsea	Under 25	41042
0.1085610935	Kensington and Chelsea	25-50	90316
0.1085610935	Kensington and Chelsea	50+	27291
0.1212258456	Camden	Under 25	68046
0.1212258456	Camden	25-50	119060
0.1212258456	Camden	50+	33232
0.1300049337	Hammersmith and Fulham	Under 25	53275
0.1300049337	Hammersmith and Fulham	25-50	106128
0.1300049337	Hammersmith and Fulham	50+	23090
0.132222096	Westminster	Under 25	58495
0.132222096	Westminster	25-50	127182
0.132222096	Westminster	50+	33719
0.1584879547	South Hams	Under 25	20576
0.1584879547	South Hams	25-50	35331
0.1584879547	South Hams	50+	27233
0.1587020804	Brent	Under 25	101823
0.1587020804	Brent	25-50	164448
0.1587020804	Brent	50+	44944
0.1641029071	Oxford	Under 25	59237
0.1641029071	Oxford	25-50	70105
0.1641029071	Oxford	50+	22564
0.165070675	Chichester	Under 25	30091
0.165070675	Chichester	25-50	47259
0.165070675	Chichester	50+	36444
0.1654158472	Haringey	Under 25	82209
0.1654158472	Haringey	25-50	141105
0.1654158472	Haringey	50+	31612
0.1661904805	Barnet	Under 25	114377
0.1661904805	Barnet	25-50	177665
0.1661904805	Barnet	50+	64344
0.1697066031	Cotswold	Under 25	21439
0.1697066031	Cotswold	25-50	36574
0.1697066031	Cotswold	50+	24868
0.1712945458	Hackney	Under 25	83482
0.1712945458	Hackney	25-50	138122
0.1712945458	Hackney	50+	24666
0.1770315222	Mole Valley	Under 25	23255
0.1770315222	Mole Valley	25-50	38516
0.1770315222	Mole Valley	50+	23604
0.1773045338	Wandsworth	Under 25	84867
0.1773045338	Wandsworth	25-50	184559
0.1773045338	Wandsworth	50+	37569
0.1780299881	Hertsmere	Under 25	30874
0.1780299881	Hertsmere	25-50	47051
0.1780299881	Hertsmere	50+	22106
0.1780475125	Harrow	Under 25	76097
0.1780475125	Harrow	25-50	117282
0.1780475125	Harrow	50+	45677
0.1788350102	Richmond upon Thames	Under 25	53202
0.1788350102	Richmond upon Thames	25-50	98350
0.1788350102	Richmond upon Thames	50+	35438
0.1789731116	Ealing	Under 25	108079
0.1789731116	Ealing	25-50	179947
0.1789731116	Ealing	50+	50423
0.1800551538	Torridge	Under 25	16397
0.1800551538	Torridge	25-50	26905
0.1800551538	Torridge	50+	20537
0.1807675749	Three Rivers	Under 25	26011
0.1807675749	Three Rivers	25-50	41286
0.1807675749	Three Rivers	50+	20020
0.1811135723	Islington	Under 25	62243
0.1811135723	Islington	25-50	118618
0.1811135723	Islington	50+	25264
0.1879744295	Cambridge	Under 25	45096
0.1879744295	Cambridge	25-50	59197
0.1879744295	Cambridge	50+	19574
0.1889586114	Southwark	Under 25	93360
0.1889586114	Southwark	25-50	163522
0.1889586114	Southwark	50+	31401
0.1908735485	Lambeth	Under 25	92591
0.1908735485	Lambeth	25-50	178296
0.1908735485	Lambeth	50+	32199
0.1908896437	Arun	Under 25	37144
0.1908896437	Arun	25-50	61687
0.1908896437	Arun	50+	50687
0.194406304	Bath and North East Somerset	Under 25	56783
0.194406304	Bath and North East Somerset	25-50	76614
0.194406304	Bath and North East Somerset	50+	42619
0.1961397218	Winchester	Under 25	35681
0.1961397218	Winchester	25-50	51463
0.1961397218	Winchester	50+	29451
0.1972886124	Dacorum	Under 25	43622
0.1972886124	Dacorum	25-50	69968
0.1972886124	Dacorum	50+	31257
0.1977423899	Welwyn Hatfield	Under 25	38556
0.1977423899	Welwyn Hatfield	25-50	49540
0.1977423899	Welwyn Hatfield	50+	22439
0.1984580486	New Forest	Under 25	44641
0.1984580486	New Forest	25-50	73790
0.1984580486	New Forest	50+	58031
0.199462504	North Devon	Under 25	25497
0.199462504	North Devon	25-50	40123
0.199462504	North Devon	50+	28047
0.2005063706	Adur	Under 25	16342
0.2005063706	Adur	25-50	27105
0.2005063706	Adur	50+	17735
0.2011149522	Brighton and Hove	Under 25	87886
0.2011149522	Brighton and Hove	25-50	137077
0.2011149522	Brighton and Hove	50+	48406
0.201192799	Tandridge	Under 25	23973
0.201192799	Tandridge	25-50	38058
0.201192799	Tandridge	50+	20967
0.2043009134	Newham	Under 25	118802
0.2043009134	Newham	25-50	160056
0.2043009134	Newham	50+	29126
0.2044658026	Epping Forest	Under 25	35479
0.2044658026	Epping Forest	25-50	58335
0.2044658026	Epping Forest	50+	30845
0.2050964028	Enfield	Under 25	107985
0.2050964028	Enfield	25-50	151996
0.2050964028	Enfield	50+	52485
0.2056940655	East Devon	Under 25	31771
0.2056940655	East Devon	25-50	52433
0.2056940655	East Devon	50+	48253
0.205837152	Teignbridge	Under 25	31842
0.205837152	Teignbridge	25-50	53382
0.205837152	Teignbridge	50+	38996
0.2058419323	Guildford	Under 25	43340
0.2058419323	Guildford	25-50	64519
0.2058419323	Guildford	50+	29324
0.2063701827	Hounslow	Under 25	81858
0.2063701827	Hounslow	25-50	134395
0.2063701827	Hounslow	50+	37704
0.2063707434	Cornwall	Under 25	143568
0.2063707434	Cornwall	25-50	230853
0.2063707434	Cornwall	50+	157852
0.2077973745	Wealden	Under 25	39745
0.2077973745	Wealden	25-50	63413
0.2077973745	Wealden	50+	45757
0.2087627137	Runnymede	Under 25	25445
0.2087627137	Runnymede	25-50	36980
0.2087627137	Runnymede	50+	18085
0.2092061043	Test Valley	Under 25	33199
0.2092061043	Test Valley	25-50	53479
0.2092061043	Test Valley	50+	29720
0.2094835235	Horsham	Under 25	36407
0.2094835235	Horsham	25-50	60215
0.2094835235	Horsham	50+	34679
0.2096043702	Waverley	Under 25	35414
0.2096043702	Waverley	25-50	54300
0.2096043702	Waverley	50+	31858
0.2100356109	Eden	Under 25	13346
0.2100356109	Eden	25-50	23346
0.2100356109	Eden	50+	15872
0.2100745454	Hart	Under 25	26641
0.2100745454	Hart	25-50	43493
0.2100745454	Hart	50+	20899
0.2109134095	St Albans	Under 25	42618
0.2109134095	St Albans	25-50	68360
0.2109134095	St Albans	50+	29686
0.2111446616	Harrogate	Under 25	43590
0.2111446616	Harrogate	25-50	72711
0.2111446616	Harrogate	50+	41568
0.2111540395	Merton	Under 25	59572
0.2111540395	Merton	25-50	108222
0.2111540395	Merton	50+	31899
0.2121467862	South Oxfordshire	Under 25	38221
0.2121467862	South Oxfordshire	25-50	62934
0.2121467862	South Oxfordshire	50+	33102
0.2122585336	Wychavon	Under 25	30523
0.2122585336	Wychavon	25-50	52312
0.2122585336	Wychavon	50+	34109
0.2123175799	Malvern Hills	Under 25	19352
0.2123175799	Malvern Hills	25-50	31141
0.2123175799	Malvern Hills	50+	24138
0.2128718725	Kingston upon Thames	Under 25	51840
0.2128718725	Kingston upon Thames	25-50	79880
0.2128718725	Kingston upon Thames	50+	28340
0.2130097273	Elmbridge	Under 25	38576
0.2130097273	Elmbridge	25-50	63113
0.2130097273	Elmbridge	50+	29186
0.2131994611	Epsom and Ewell	Under 25	22646
0.2131994611	Epsom and Ewell	25-50	35115
0.2131994611	Epsom and Ewell	50+	17341
0.2132148681	Vale of White Horse	Under 25	34849
0.2132148681	Vale of White Horse	25-50	56398
0.2132148681	Vale of White Horse	50+	29741
0.2134330867	Exeter	Under 25	41162
0.2134330867	Exeter	25-50	52195
0.2134330867	Exeter	50+	24416
0.2140547738	Hillingdon	Under 25	94463
0.2140547738	Hillingdon	25-50	131509
0.2140547738	Hillingdon	50+	47964
0.214996399	South Lakeland	Under 25	24703
0.214996399	South Lakeland	25-50	45044
0.214996399	South Lakeland	50+	33911
0.2150784359	Sevenoaks	Under 25	33111
0.2150784359	Sevenoaks	25-50	51927
0.2150784359	Sevenoaks	50+	29855
0.2153401606	Lewes	Under 25	26090
0.2153401606	Lewes	25-50	42044
0.2153401606	Lewes	50+	29368
0.2183003167	Mid Sussex	Under 25	39988
0.2183003167	Mid Sussex	25-50	65277
0.2183003167	Mid Sussex	50+	34595
0.2186110699	Herefordshire, County of	Under 25	49369
0.2186110699	Herefordshire, County of	25-50	81488
0.2186110699	Herefordshire, County of	50+	52620
0.2191453182	Richmondshire	Under 25	16450
0.2191453182	Richmondshire	25-50	22896
0.2191453182	Richmondshire	50+	12619
0.2203840318	East Hampshire	Under 25	32739
0.2203840318	East Hampshire	25-50	52330
0.2203840318	East Hampshire	50+	30539
0.2218325326	Stratford-on-Avon	Under 25	30984
0.2218325326	Stratford-on-Avon	25-50	53580
0.2218325326	Stratford-on-Avon	50+	35921
0.2219679389	Wiltshire	Under 25	138765
0.2219679389	Wiltshire	25-50	215482
0.2219679389	Wiltshire	50+	116734
0.2224860552	Windsor and Maidenhead	Under 25	42266
0.2224860552	Windsor and Maidenhead	25-50	69525
0.2224860552	Windsor and Maidenhead	50+	32769
0.2231862066	Babergh	Under 25	23874
0.2231862066	Babergh	25-50	38124
0.2231862066	Babergh	50+	25742
0.2233608113	Surrey Heath	Under 25	25084
0.2233608113	Surrey Heath	25-50	41368
0.2233608113	Surrey Heath	50+	19692
0.2236832593	Mid Devon	Under 25	21785
0.2236832593	Mid Devon	25-50	34269
0.2236832593	Mid Devon	50+	21696
0.2236943331	Redbridge	Under 25	96000
0.2236943331	Redbridge	25-50	137007
0.2236943331	Redbridge	50+	45963
0.224973287	Hambleton	Under 25	23610
0.224973287	Hambleton	25-50	39402
0.224973287	Hambleton	50+	26128
0.2253199382	West Oxfordshire	Under 25	29483
0.2253199382	West Oxfordshire	25-50	49087
0.2253199382	West Oxfordshire	50+	26209
0.2261977245	West Devon	Under 25	13636
0.2261977245	West Devon	25-50	23040
0.2261977245	West Devon	50+	16877
0.226284501	Woking	Under 25	29140
0.226284501	Woking	25-50	49760
0.226284501	Woking	50+	20298
0.2266961138	Waltham Forest	Under 25	87907
0.2266961138	Waltham Forest	25-50	134993
0.2266961138	Waltham Forest	50+	35349
0.2269287373	Ceredigion	Under 25	25283
0.2269287373	Ceredigion	25-50	29360
0.2269287373	Ceredigion	50+	21279
0.2271017563	Wokingham	Under 25	46237
0.2271017563	Wokingham	25-50	74928
0.2271017563	Wokingham	50+	33215
0.2279376008	North Norfolk	Under 25	23327
0.2279376008	North Norfolk	25-50	39736
0.2279376008	North Norfolk	50+	38436
0.2289547528	Ryedale	Under 25	13272
0.2289547528	Ryedale	25-50	22076
0.2289547528	Ryedale	50+	16403
0.2292360137	Torbay	Under 25	34407
0.2292360137	Torbay	25-50	55529
0.2292360137	Torbay	50+	41023
0.230243283	West Berkshire	Under 25	45970
0.230243283	West Berkshire	25-50	74473
0.230243283	West Berkshire	50+	33379
0.2313296035	Cherwell	Under 25	42701
0.2313296035	Cherwell	25-50	69027
0.2313296035	Cherwell	50+	30140
0.2316573247	Lewisham	Under 25	90947
0.2316573247	Lewisham	25-50	149014
0.2316573247	Lewisham	50+	35924
0.2331319428	Broadland	Under 25	32034
0.2331319428	Broadland	25-50	55089
0.2331319428	Broadland	50+	37523
0.2337772996	Uttlesford	Under 25	23568
0.2337772996	Uttlesford	25-50	36970
0.2337772996	Uttlesford	50+	18905
0.2342658922	Melton	Under 25	14023
0.2342658922	Melton	25-50	23434
0.2342658922	Melton	50+	12919
0.2348536513	Tonbridge and Malling	Under 25	37203
0.2348536513	Tonbridge and Malling	25-50	55582
0.2348536513	Tonbridge and Malling	50+	28020
0.2352115382	Ashford	Under 25	36833
0.2352115382	Ashford	25-50	53476
0.2352115382	Ashford	50+	27647
0.2360816323	Harlow	Under 25	25768
0.2360816323	Harlow	25-50	39728
0.2360816323	Harlow	50+	16448
0.2363189015	Isle of Wight	Under 25	35920
0.2363189015	Isle of Wight	25-50	58397
0.2363189015	Isle of Wight	50+	43948
0.2365865739	Craven	Under 25	14170
0.2365865739	Craven	25-50	24183
0.2365865739	Craven	50+	17056
0.2366152698	Rother	Under 25	21884
0.2366152698	Rother	25-50	34979
0.2366152698	Rother	50+	33725
0.2380468703	Rochford	Under 25	23146
0.2380468703	Rochford	25-50	37356
0.2380468703	Rochford	50+	22785
0.2380929191	Brentwood	Under 25	20711
0.2380929191	Brentwood	25-50	34082
0.2380929191	Brentwood	50+	18808
0.2390857118	Spelthorne	Under 25	26932
0.2390857118	Spelthorne	25-50	46375
0.2390857118	Spelthorne	50+	22291
0.2392749001	Greenwich	Under 25	88302
0.2392749001	Greenwich	25-50	129967
0.2392749001	Greenwich	50+	36288
0.2393378712	Mendip	Under 25	31765
0.2393378712	Mendip	25-50	48280
0.2393378712	Mendip	50+	29234
0.2395008617	Tewkesbury	Under 25	22187
0.2395008617	Tewkesbury	25-50	37530
0.2395008617	Tewkesbury	50+	22226
0.2402942713	Breckland	Under 25	36191
0.2402942713	Breckland	25-50	56391
0.2402942713	Breckland	50+	37909
0.240789916	East Hertfordshire	Under 25	40701
0.240789916	East Hertfordshire	25-50	67387
0.240789916	East Hertfordshire	50+	29599
0.2409947528	South Cambridgeshire	Under 25	43349
0.2409947528	South Cambridgeshire	25-50	70948
0.2409947528	South Cambridgeshire	50+	34458
0.2429055073	Bromley	Under 25	90799
0.2429055073	Bromley	25-50	148064
0.2429055073	Bromley	50+	70529
0.2439006106	Tower Hamlets	Under 25	92924
0.2439006106	Tower Hamlets	25-50	139739
0.2439006106	Tower Hamlets	50+	21433
0.2447039495	Mid Suffolk	Under 25	26709
0.2447039495	Mid Suffolk	25-50	43005
0.2447039495	Mid Suffolk	50+	27017
0.2459212196	Eastbourne	Under 25	27918
0.2459212196	Eastbourne	25-50	42552
0.2459212196	Eastbourne	50+	28942
0.246188103	Rushmoor	Under 25	30453
0.246188103	Rushmoor	25-50	47299
0.246188103	Rushmoor	50+	16055
0.2467532971	Sutton	Under 25	57662
0.2467532971	Sutton	25-50	94885
0.2467532971	Sutton	50+	37599
0.2475426735	Havering	Under 25	71590
0.2475426735	Havering	25-50	108804
0.2475426735	Havering	50+	56838
0.2476083303	Havant	Under 25	34710
0.2476083303	Havant	25-50	52353
0.2476083303	Havant	50+	33621
0.2479107652	South Somerset	Under 25	44685
0.2479107652	South Somerset	25-50	69481
0.2479107652	South Somerset	50+	47077
0.2485614372	Tunbridge Wells	Under 25	34734
0.2485614372	Tunbridge Wells	25-50	54211
0.2485614372	Tunbridge Wells	50+	26104
0.2488606716	Reigate and Banstead	Under 25	40103
0.2488606716	Reigate and Banstead	25-50	66533
0.2488606716	Reigate and Banstead	50+	31199
0.2490083464	Canterbury	Under 25	52944
0.2490083464	Canterbury	25-50	60100
0.2490083464	Canterbury	50+	38101
0.2492060238	Broxbourne	Under 25	29078
0.2492060238	Broxbourne	25-50	43886
0.2492060238	Broxbourne	50+	20645
0.2498866848	Watford	Under 25	28477
0.2498866848	Watford	25-50	46677
0.2498866848	Watford	50+	15147
0.250009656	Bracknell Forest	Under 25	35434
0.250009656	Bracknell Forest	25-50	57791
0.250009656	Bracknell Forest	50+	19980
0.2510289214	Cheltenham	Under 25	35117
0.2510289214	Cheltenham	25-50	54901
0.2510289214	Cheltenham	50+	25714
0.2522695315	Shropshire	Under 25	84815
0.2522695315	Shropshire	25-50	135715
0.2522695315	Shropshire	50+	85599
0.2527280855	North Hertfordshire	Under 25	36593
0.2527280855	North Hertfordshire	25-50	61052
0.2527280855	North Hertfordshire	50+	29469
0.2527916985	Eastleigh	Under 25	36915
0.2527916985	Eastleigh	25-50	59379
0.2527916985	Eastleigh	50+	28905
0.2528554469	Sedgemoor	Under 25	32452
0.2528554469	Sedgemoor	25-50	50189
0.2528554469	Sedgemoor	50+	31947
0.2528749496	Worthing	Under 25	28645
0.2528749496	Worthing	25-50	47845
0.2528749496	Worthing	50+	28150
0.253469261	Thanet	Under 25	39893
0.253469261	Thanet	25-50	56299
0.253469261	Thanet	50+	37994
0.2536917731	Bristol, City of	Under 25	145585
0.2536917731	Bristol, City of	25-50	206699
0.2536917731	Bristol, City of	50+	75950
0.2538210215	Maidstone	Under 25	45685
0.2538210215	Maidstone	25-50	72743
0.2538210215	Maidstone	50+	36715
0.254070587	Powys	Under 25	35601
0.254070587	Powys	25-50	56265
0.254070587	Powys	50+	41110
0.2545778326	Croydon	Under 25	121355
0.2545778326	Croydon	25-50	180619
0.2545778326	Croydon	50+	61404
0.2552138337	South Gloucestershire	Under 25	79448
0.2552138337	South Gloucestershire	25-50	123162
0.2552138337	South Gloucestershire	50+	60157
0.2558362245	Chelmsford	Under 25	49401
0.2558362245	Chelmsford	25-50	79919
0.2558362245	Chelmsford	50+	38990
0.2559161917	Castle Point	Under 25	23973
0.2559161917	Castle Point	25-50	37901
0.2559161917	Castle Point	50+	26137
0.2567082611	Warwick	Under 25	41823
0.2567082611	Warwick	25-50	64585
0.2567082611	Warwick	50+	31240
0.2571998082	York	Under 25	63580
0.2571998082	York	25-50	89340
0.2571998082	York	50+	45131
0.2573195649	South Staffordshire	Under 25	29014
0.2573195649	South Staffordshire	25-50	48443
0.2573195649	South Staffordshire	50+	30674
0.25770269	Fareham	Under 25	30516
0.25770269	Fareham	25-50	50453
0.25770269	Fareham	50+	30612
0.2600255004	Pembrokeshire	Under 25	34716
0.2600255004	Pembrokeshire	25-50	51505
0.2600255004	Pembrokeshire	50+	36218
0.260388049	Stroud	Under 25	31201
0.260388049	Stroud	25-50	51309
0.260388049	Stroud	50+	30269
0.2612761403	Harborough	Under 25	24064
0.2612761403	Harborough	25-50	39666
0.2612761403	Harborough	50+	21652
0.261367979	Rutland	Under 25	10691
0.261367979	Rutland	25-50	16114
0.261367979	Rutland	50+	10564
0.2616386189	Bedford	Under 25	49520
0.2616386189	Bedford	25-50	73788
0.2616386189	Bedford	50+	34171
0.264060127	Bromsgrove	Under 25	25700
0.264060127	Bromsgrove	25-50	42345
0.264060127	Bromsgrove	50+	25592
0.2643324676	Redditch	Under 25	25762
0.2643324676	Redditch	25-50	40952
0.2643324676	Redditch	50+	17500
0.2644630657	Basildon	Under 25	54088
0.2644630657	Basildon	25-50	82024
0.2644630657	Basildon	50+	38385
0.2653992615	Oadby and Wigston	Under 25	17524
0.2653992615	Oadby and Wigston	25-50	24327
0.2653992615	Oadby and Wigston	50+	14319
0.2655569951	Lichfield	Under 25	27539
0.2655569951	Lichfield	25-50	45336
0.2655569951	Lichfield	50+	27779
0.2669278025	Vale of Glamorgan	Under 25	37130
0.2669278025	Vale of Glamorgan	25-50	57664
0.2669278025	Vale of Glamorgan	50+	31542
0.2672673408	Basingstoke and Deane	Under 25	50191
0.2672673408	Basingstoke and Deane	25-50	83268
0.2672673408	Basingstoke and Deane	50+	34340
0.2694034298	South Norfolk	Under 25	33372
0.2694034298	South Norfolk	25-50	54544
0.2694034298	South Norfolk	50+	36096
0.2695564822	Slough	Under 25	49953
0.2695564822	Slough	25-50	72268
0.2695564822	Slough	50+	17984
0.2706525946	Forest of Dean	Under 25	22671
0.2706525946	Forest of Dean	25-50	35923
0.2706525946	Forest of Dean	50+	23367
0.2707762874	Bexley	Under 25	74875
0.2707762874	Bexley	25-50	107115
0.2707762874	Bexley	50+	50007
0.2709944984	King's Lynn and West Norfolk	Under 25	39385
0.2709944984	King's Lynn and West Norfolk	25-50	62972
0.2709944984	King's Lynn and West Norfolk	50+	45094
0.273137623	Wyre Forest	Under 25	26319
0.273137623	Wyre Forest	25-50	43389
0.273137623	Wyre Forest	50+	28267
0.2735392857	Folkestone and Hythe	Under 25	30692
0.2735392857	Folkestone and Hythe	25-50	46720
0.2735392857	Folkestone and Hythe	50+	30557
0.2735611535	Reading	Under 25	52844
0.2735611535	Reading	25-50	78649
0.2735611535	Reading	50+	24205
0.2740623448	Gravesham	Under 25	32676
0.2740623448	Gravesham	25-50	46880
0.2740623448	Gravesham	50+	22164
0.2744457108	Central Bedfordshire	Under 25	75389
0.2744457108	Central Bedfordshire	25-50	122811
0.2744457108	Central Bedfordshire	50+	56181
0.274707088	Isle of Anglesey	Under 25	18802
0.274707088	Isle of Anglesey	25-50	29842
0.274707088	Isle of Anglesey	50+	21107
0.2747787417	Southampton	Under 25	86135
0.2747787417	Southampton	25-50	109025
0.2747787417	Southampton	50+	41722
0.2765597828	Maldon	Under 25	16459
0.2765597828	Maldon	25-50	27695
0.2765597828	Maldon	50+	17475
0.2768985516	Charnwood	Under 25	55330
0.2768985516	Charnwood	25-50	73175
0.2768985516	Charnwood	50+	37595
0.2770503679	Braintree	Under 25	43765
0.2770503679	Braintree	25-50	68939
0.2770503679	Braintree	50+	34380
0.2775881411	Scarborough	Under 25	28914
0.2775881411	Scarborough	25-50	45839
0.2775881411	Scarborough	50+	34040
0.2779903265	North Somerset	Under 25	55073
0.2779903265	North Somerset	25-50	90206
0.2779903265	North Somerset	50+	57287
0.2784634639	Gwynedd	Under 25	37674
0.2784634639	Gwynedd	25-50	50527
0.2784634639	Gwynedd	50+	33673
0.2786332516	Tendring	Under 25	35605
0.2786332516	Tendring	25-50	53822
0.2786332516	Tendring	50+	48621
0.2791275042	Monmouthshire	Under 25	25132
0.2791275042	Monmouthshire	25-50	40251
0.2791275042	Monmouthshire	50+	25940
0.2801470975	Portsmouth	Under 25	74223
0.2801470975	Portsmouth	25-50	93601
0.2801470975	Portsmouth	50+	37232
0.2804249465	Colchester	Under 25	55253
0.2804249465	Colchester	25-50	79671
0.2804249465	Colchester	50+	38150
0.2806529262	Conwy	Under 25	30163
0.2806529262	Conwy	25-50	48059
0.2806529262	Conwy	50+	37006
0.2811572205	Stevenage	Under 25	27016
0.2811572205	Stevenage	25-50	40915
0.2811572205	Stevenage	50+	16026
0.2816010895	Crawley	Under 25	33836
0.2816010895	Crawley	25-50	54131
0.2816010895	Crawley	50+	18630
0.2838555901	Trafford	Under 25	68280
0.2838555901	Trafford	25-50	109211
0.2838555901	Trafford	50+	49087
0.284183104	Rushcliffe	Under 25	32030
0.284183104	Rushcliffe	25-50	51265
0.284183104	Rushcliffe	50+	27834
0.2861145302	East Lindsey	Under 25	33342
0.2861145302	East Lindsey	25-50	55310
0.2861145302	East Lindsey	50+	47749
0.2861884608	West Lancashire	Under 25	33538
0.2861884608	West Lancashire	25-50	48386
0.2861884608	West Lancashire	50+	28761
0.2862484715	Boston	Under 25	18218
0.2862484715	Boston	25-50	29282
0.2862484715	Boston	50+	17137
0.2863466545	Southend-on-Sea	Under 25	50921
0.2863466545	Southend-on-Sea	25-50	81520
0.2863466545	Southend-on-Sea	50+	41217
0.2869003442	Cheshire East	Under 25	102015
0.2869003442	Cheshire East	25-50	170297
0.2869003442	Cheshire East	50+	97815
0.2870212212	Norwich	Under 25	44628
0.2870212212	Norwich	25-50	62022
0.2870212212	Norwich	50+	25862
0.2870460617	Barking and Dagenham	Under 25	71402
0.2870460617	Barking and Dagenham	25-50	88389
0.2870460617	Barking and Dagenham	50+	26120
0.2871483442	Dartford	Under 25	30870
0.2871483442	Dartford	25-50	47450
0.2871483442	Dartford	50+	19045
0.287150636	Stafford	Under 25	36652
0.287150636	Stafford	25-50	59776
0.287150636	Stafford	50+	34441
0.2880406557	Hastings	Under 25	27187
0.2880406557	Hastings	25-50	41574
0.2880406557	Hastings	50+	21493
0.2881520933	Ribble Valley	Under 25	16032
0.2881520933	Ribble Valley	25-50	25318
0.2881520933	Ribble Valley	50+	15782
0.289222216	Worcester	Under 25	31368
0.289222216	Worcester	25-50	47231
0.289222216	Worcester	50+	20169
0.2912391331	Swale	Under 25	41999
0.2912391331	Swale	25-50	61989
0.2912391331	Swale	50+	31847
0.2925923577	Gloucester	Under 25	38931
0.2925923577	Gloucester	25-50	58107
0.2925923577	Gloucester	50+	24650
0.2926428916	Thurrock	Under 25	51842
0.2926428916	Thurrock	25-50	77103
0.2926428916	Thurrock	50+	28760
0.2926823872	Flintshire	Under 25	45186
0.2926823872	Flintshire	25-50	69455
0.2926823872	Flintshire	50+	37865
0.2945803064	Dover	Under 25	31644
0.2945803064	Dover	25-50	49289
0.2945803064	Dover	50+	30741
0.294734961	Cheshire West and Chester	Under 25	93846
0.294734961	Cheshire West and Chester	25-50	151976
0.294734961	Cheshire West and Chester	50+	83786
0.2982893874	Solihull	Under 25	61148
0.2982893874	Solihull	25-50	92100
0.2982893874	Solihull	50+	53426
0.2983363529	Plymouth	Under 25	84075
0.2983363529	Plymouth	25-50	115454
0.2983363529	Plymouth	50+	56855
0.2991041108	Huntingdonshire	Under 25	49988
0.2991041108	Huntingdonshire	25-50	80818
0.2991041108	Huntingdonshire	50+	38702
0.2991825889	South Kesteven	Under 25	37242
0.2991825889	South Kesteven	25-50	61322
0.2991825889	South Kesteven	50+	35224
0.299443654	North Kesteven	Under 25	29025
0.299443654	North Kesteven	25-50	48358
0.299443654	North Kesteven	50+	30383
0.2995831691	North Warwickshire	Under 25	17101
0.2995831691	North Warwickshire	25-50	29032
0.2995831691	North Warwickshire	50+	15881
0.300152501	High Peak	Under 25	26153
0.300152501	High Peak	25-50	42639
0.300152501	High Peak	50+	22100
0.3004806056	Staffordshire Moorlands	Under 25	25240
0.3004806056	Staffordshire Moorlands	25-50	43646
0.3004806056	Staffordshire Moorlands	50+	28220
0.3010472402	Luton	Under 25	74206
0.3010472402	Luton	25-50	96768
0.3010472402	Luton	50+	32227
0.3011202366	Ipswich	Under 25	42630
0.3011202366	Ipswich	25-50	63787
0.3011202366	Ipswich	50+	26967
0.3014839084	Great Yarmouth	Under 25	28225
0.3014839084	Great Yarmouth	25-50	41453
0.3014839084	Great Yarmouth	50+	27599
0.3015737654	Denbighshire	Under 25	26978
0.3015737654	Denbighshire	25-50	39907
0.3015737654	Denbighshire	50+	26849
0.3018080619	Allerdale	Under 25	25497
0.3018080619	Allerdale	25-50	43288
0.3018080619	Allerdale	50+	27637
0.3019347522	Milton Keynes	Under 25	80957
0.3019347522	Milton Keynes	25-50	127184
0.3019347522	Milton Keynes	50+	40680
0.3021914969	Blaby	Under 25	27222
0.3021914969	Blaby	25-50	43461
0.3021914969	Blaby	50+	23232
0.3029609768	Gosport	Under 25	25175
0.3029609768	Gosport	25-50	38169
0.3029609768	Gosport	50+	19278
0.3033115154	Derbyshire Dales	Under 25	17969
0.3033115154	Derbyshire Dales	25-50	31245
0.3033115154	Derbyshire Dales	50+	21902
0.3039754592	Cardiff	Under 25	123601
0.3039754592	Cardiff	25-50	160439
0.3039754592	Cardiff	50+	62050
0.3054293754	Newark and Sherwood	Under 25	32521
0.3054293754	Newark and Sherwood	25-50	52297
0.3054293754	Newark and Sherwood	50+	29999
0.3054444799	East Cambridgeshire	Under 25	23998
0.3054444799	East Cambridgeshire	25-50	40044
0.3054444799	East Cambridgeshire	50+	19776
0.3085930982	Chorley	Under 25	30505
0.3085930982	Chorley	25-50	51023
0.3085930982	Chorley	50+	25627
0.3091451222	Tamworth	Under 25	23928
0.3091451222	Tamworth	25-50	36754
0.3091451222	Tamworth	50+	16131
0.3094265109	Fylde	Under 25	18677
0.3094265109	Fylde	25-50	33042
0.3094265109	Fylde	50+	24038
0.3099878232	Hinckley and Bosworth	Under 25	28671
0.3099878232	Hinckley and Bosworth	25-50	49164
0.3099878232	Hinckley and Bosworth	50+	27243
0.3113136571	Sefton	Under 25	76598
0.3113136571	Sefton	25-50	121761
0.3113136571	Sefton	50+	75431
0.311409656	North West Leicestershire	Under 25	26690
0.311409656	North West Leicestershire	25-50	43947
0.311409656	North West Leicestershire	50+	22831
0.3119877849	North Tyneside	Under 25	55673
0.3119877849	North Tyneside	25-50	96774
0.3119877849	North Tyneside	50+	48354
0.3121787475	Cannock Chase	Under 25	29274
0.3121787475	Cannock Chase	25-50	46422
0.3121787475	Cannock Chase	50+	21766
0.313562266	Wyre	Under 25	27948
0.313562266	Wyre	25-50	45014
0.313562266	Wyre	50+	34787
0.3145868021	Stockport	Under 25	81968
0.3145868021	Stockport	25-50	132017
0.3145868021	Stockport	50+	69290
0.3154225143	North East Derbyshire	Under 25	26054
0.3154225143	North East Derbyshire	25-50	44396
0.3154225143	North East Derbyshire	50+	28573
0.3154316295	East Staffordshire	Under 25	34158
0.3154316295	East Staffordshire	25-50	53299
0.3154316295	East Staffordshire	50+	26126
0.3160727396	South Holland	Under 25	23216
0.3160727396	South Holland	25-50	38812
0.3160727396	South Holland	50+	26242
0.3176583317	Selby	Under 25	23746
0.3176583317	Selby	25-50	39696
0.3176583317	Selby	50+	20007
0.3188088501	Carlisle	Under 25	30407
0.3188088501	Carlisle	25-50	49973
0.3188088501	Carlisle	50+	27144
0.3197703121	Telford and Wrekin	Under 25	54304
0.3197703121	Telford and Wrekin	25-50	78238
0.3197703121	Telford and Wrekin	50+	34099
0.3200564632	Newcastle upon Tyne	Under 25	103453
0.3200564632	Newcastle upon Tyne	25-50	123872
0.3200564632	Newcastle upon Tyne	50+	52852
0.3205761507	Swindon	Under 25	64072
0.3205761507	Swindon	25-50	105240
0.3205761507	Swindon	50+	39844
0.3211510394	Walsall	Under 25	87781
0.3211510394	Walsall	25-50	120506
0.3211510394	Walsall	50+	61036
0.3213859201	Peterborough	Under 25	60677
0.3213859201	Peterborough	25-50	88694
0.3213859201	Peterborough	50+	34260
0.3223044156	Rugby	Under 25	29422
0.3223044156	Rugby	25-50	47257
0.3223044156	Rugby	50+	23396
0.3223346867	Fenland	Under 25	26548
0.3223346867	Fenland	25-50	42779
0.3223346867	Fenland	50+	25935
0.3247448713	Medway	Under 25	88028
0.3247448713	Medway	25-50	123438
0.3247448713	Medway	50+	52459
0.3250759742	Dudley	Under 25	93344
0.3250759742	Dudley	25-50	141837
0.3250759742	Dudley	50+	77744
0.3283617107	Preston	Under 25	49712
0.3283617107	Preston	25-50	64160
0.3283617107	Preston	50+	26330
0.3284889582	South Derbyshire	Under 25	28162
0.3284889582	South Derbyshire	25-50	45591
0.3284889582	South Derbyshire	50+	20858
0.329279804	Newcastle-under-Lyme	Under 25	37733
0.329279804	Newcastle-under-Lyme	25-50	55196
0.329279804	Newcastle-under-Lyme	50+	30942
0.3293261071	Leicester	Under 25	125135
0.3293261071	Leicester	25-50	153432
0.3293261071	Leicester	50+	51272
0.3294236036	Carmarthenshire	Under 25	52592
0.3294236036	Carmarthenshire	25-50	79661
0.3294236036	Carmarthenshire	50+	51524
0.3303864086	Wrexham	Under 25	40664
0.3303864086	Wrexham	25-50	62471
0.3303864086	Wrexham	50+	31709
0.3306132306	Northumberland	Under 25	84713
0.3306132306	Northumberland	25-50	143478
0.3306132306	Northumberland	50+	87837
0.3308868611	South Ribble	Under 25	31395
0.3308868611	South Ribble	25-50	50740
0.3308868611	South Ribble	50+	26922
0.3326170334	Lancaster	Under 25	45880
0.3326170334	Lancaster	25-50	58395
0.3326170334	Lancaster	50+	34100
0.3333054307	Darlington	Under 25	31356
0.3333054307	Darlington	25-50	49084
0.3333054307	Darlington	50+	25124
0.3337939082	Warrington	Under 25	60755
0.3337939082	Warrington	25-50	96818
0.3337939082	Warrington	50+	44655
0.3340623008	Chesterfield	Under 25	29151
0.3340623008	Chesterfield	25-50	48390
0.3340623008	Chesterfield	50+	26247
0.3359581307	Manchester	Under 25	197115
0.3359581307	Manchester	25-50	240232
0.3359581307	Manchester	50+	65780
0.3359926773	Redcar and Cleveland	Under 25	39381
0.3359926773	Redcar and Cleveland	25-50	60033
0.3359926773	Redcar and Cleveland	50+	35763
0.3378245909	Nuneaton and Bedworth	Under 25	37700
0.3378245909	Nuneaton and Bedworth	25-50	58602
0.3378245909	Nuneaton and Bedworth	50+	28950
0.3384497053	Sheffield	Under 25	192950
0.3384497053	Sheffield	25-50	245363
0.3384497053	Sheffield	50+	114385
0.3388167749	West Lindsey	Under 25	24075
0.3388167749	West Lindsey	25-50	39478
0.3388167749	West Lindsey	50+	25697
0.3389604345	Leeds	Under 25	253301
0.3389604345	Leeds	25-50	348408
0.3389604345	Leeds	50+	149776
0.3397801221	Wakefield	Under 25	95547
0.3397801221	Wakefield	25-50	153927
0.3397801221	Wakefield	50+	76363
0.339896143	East Riding of Yorkshire	Under 25	87830
0.339896143	East Riding of Yorkshire	25-50	147824
0.339896143	East Riding of Yorkshire	50+	98525
0.3403076239	Birmingham	Under 25	404112
0.3403076239	Birmingham	25-50	484285
0.3403076239	Birmingham	50+	184648
0.3411542817	Swansea	Under 25	75332
0.3411542817	Swansea	25-50	105903
0.3411542817	Swansea	50+	57788
0.341660313	Middlesbrough	Under 25	47946
0.341660313	Middlesbrough	25-50	62244
0.341660313	Middlesbrough	50+	28222
0.3436119249	Newport	Under 25	47424
0.3436119249	Newport	25-50	66054
0.3436119249	Newport	50+	32258
0.3438130122	Wolverhampton	Under 25	80940
0.3438130122	Wolverhampton	25-50	114920
0.3438130122	Wolverhampton	50+	53610
0.3509846609	Bassetlaw	Under 25	31867
0.3509846609	Bassetlaw	25-50	51967
0.3509846609	Bassetlaw	50+	29029
0.3549440068	Coventry	Under 25	113561
0.3549440068	Coventry	25-50	141793
0.3549440068	Coventry	50+	61606
0.355940132	Torfaen	Under 25	27700
0.355940132	Torfaen	25-50	40965
0.355940132	Torfaen	50+	22410
0.3562484656	Wirral	Under 25	93128
0.3562484656	Wirral	25-50	143949
0.3562484656	Wirral	50+	82706
0.3563721664	Bury	Under 25	56937
0.3563721664	Bury	25-50	86871
0.3563721664	Bury	50+	41252
0.3576967607	Kirklees	Under 25	136908
0.3576967607	Kirklees	25-50	195555
0.3576967607	Kirklees	50+	89995
0.3587528602	Rotherham	Under 25	77491
0.3587528602	Rotherham	25-50	118283
0.3587528602	Rotherham	50+	61506
0.3597915392	Blackpool	Under 25	40883
0.3597915392	Blackpool	25-50	64528
0.3597915392	Blackpool	50+	36654
0.3604343138	Amber Valley	Under 25	33531
0.3604343138	Amber Valley	25-50	56820
0.3604343138	Amber Valley	50+	31958
0.3614389896	Stockton-on-Tees	Under 25	60222
0.3614389896	Stockton-on-Tees	25-50	89789
0.3614389896	Stockton-on-Tees	50+	41599
0.3625542971	Bradford	Under 25	185964
0.3625542971	Bradford	25-50	240336
0.3625542971	Bradford	50+	96152
0.3653543866	Mansfield	Under 25	30776
0.3653543866	Mansfield	25-50	49231
0.3653543866	Mansfield	50+	24459
0.3656785347	Sandwell	Under 25	103209
0.3656785347	Sandwell	25-50	142783
0.3656785347	Sandwell	50+	62071
0.3667518942	Lincoln	Under 25	33269
0.3667518942	Lincoln	25-50	42072
0.3667518942	Lincoln	50+	18200
0.3675687834	Bridgend	Under 25	40306
0.3675687834	Bridgend	25-50	64883
0.3675687834	Bridgend	50+	33989
0.3682643685	Gedling	Under 25	31823
0.3682643685	Gedling	25-50	52949
0.3682643685	Gedling	50+	28771
0.3721871013	Doncaster	Under 25	92053
0.3721871013	Doncaster	25-50	140361
0.3721871013	Doncaster	50+	69988
0.3791019334	North East Lincolnshire	Under 25	49027
0.3791019334	North East Lincolnshire	25-50	72066
0.3791019334	North East Lincolnshire	50+	38523
0.381283965	Oldham	Under 25	76892
0.381283965	Oldham	25-50	102177
0.381283965	Oldham	50+	45828
0.3827806444	Broxtowe	Under 25	30489
0.3827806444	Broxtowe	25-50	51352
0.3827806444	Broxtowe	50+	27646
0.3827916933	Blackburn with Darwen	Under 25	52014
0.3827916933	Blackburn with Darwen	25-50	68530
0.3827916933	Blackburn with Darwen	50+	26945
0.3842899541	Knowsley	Under 25	46602
0.3842899541	Knowsley	25-50	68068
0.3842899541	Knowsley	50+	31223
0.384909672	Sunderland	Under 25	82362
0.384909672	Sunderland	25-50	128340
0.384909672	Sunderland	50+	64804
0.3858753091	South Tyneside	Under 25	42906
0.3858753091	South Tyneside	25-50	68731
0.3858753091	South Tyneside	50+	36490
0.3863149622	Gateshead	Under 25	57333
0.3863149622	Gateshead	25-50	95040
0.3863149622	Gateshead	50+	47841
0.3876405641	Derby	Under 25	84380
0.3876405641	Derby	25-50	114117
0.3876405641	Derby	50+	50255
0.3879001669	Halton	Under 25	39420
0.3879001669	Halton	25-50	59337
0.3879001669	Halton	50+	26989
0.3879039372	Erewash	Under 25	32392
0.3879039372	Erewash	25-50	52482
0.3879039372	Erewash	50+	27207
0.389545153	Liverpool	Under 25	157876
0.389545153	Liverpool	25-50	218655
0.389545153	Liverpool	50+	89884
0.3905101699	Caerphilly	Under 25	54872
0.3905101699	Caerphilly	25-50	82554
0.3905101699	Caerphilly	50+	41380
0.3912909394	Calderdale	Under 25	61501
0.3912909394	Calderdale	25-50	96509
0.3912909394	Calderdale	50+	45816
0.39144313	Ashfield	Under 25	35666
0.39144313	Ashfield	25-50	56013
0.39144313	Ashfield	50+	27818
0.3946260931	Bolton	Under 25	89429
0.3946260931	Bolton	25-50	127972
0.3946260931	Bolton	50+	59385
0.3985245785	Nottingham	Under 25	122073
0.3985245785	Nottingham	25-50	135429
0.3985245785	Nottingham	50+	48178
0.3995834178	Tameside	Under 25	67654
0.3995834178	Tameside	25-50	103602
0.3995834178	Tameside	50+	48068
0.4008679441	St. Helens	Under 25	51233
0.4008679441	St. Helens	25-50	80420
0.4008679441	St. Helens	50+	43655
0.4017170528	Rochdale	Under 25	70257
0.4017170528	Rochdale	25-50	98172
0.4017170528	Rochdale	50+	43270
0.4048755157	North Lincolnshire	Under 25	48886
0.4048755157	North Lincolnshire	25-50	77069
0.4048755157	North Lincolnshire	50+	41491
0.4048913896	Kingston upon Hull, City of	Under 25	86732
0.4048913896	Kingston upon Hull, City of	25-50	120099
0.4048913896	Kingston upon Hull, City of	50+	49575
0.411013022	Barrow-in-Furness	Under 25	19861
0.411013022	Barrow-in-Furness	25-50	31460
0.411013022	Barrow-in-Furness	50+	17766
0.4135510032	Salford	Under 25	76875
0.4135510032	Salford	25-50	111494
0.4135510032	Salford	50+	45564
0.4144294636	Bolsover	Under 25	21662
0.4144294636	Bolsover	25-50	35388
0.4144294636	Bolsover	50+	18816
0.4158317445	Hartlepool	Under 25	28776
0.4158317445	Hartlepool	25-50	41817
0.4158317445	Hartlepool	50+	21435
0.4204598953	Barnsley	Under 25	67820
0.4204598953	Barnsley	25-50	108548
0.4204598953	Barnsley	50+	54853
0.4286134916	Wigan	Under 25	94875
0.4286134916	Wigan	25-50	150126
0.4286134916	Wigan	50+	72848
0.4362658503	Stoke-on-Trent	Under 25	80665
0.4362658503	Stoke-on-Trent	25-50	114804
0.4362658503	Stoke-on-Trent	50+	53539
0.4428814556	Neath Port Talbot	Under 25	39567
0.4428814556	Neath Port Talbot	25-50	64711
0.4428814556	Neath Port Talbot	50+	35534
0.4456725376	Rossendale	Under 25	20462
0.4456725376	Rossendale	25-50	32258
0.4456725376	Rossendale	50+	15262
0.4553593861	County Durham	Under 25	150524
0.4553593861	County Durham	25-50	234978
0.4553593861	County Durham	50+	127740
0.4604894095	Hyndburn	Under 25	25807
0.4604894095	Hyndburn	25-50	37064
0.4604894095	Hyndburn	50+	17863
0.4722057321	Pendle	Under 25	28391
0.4722057321	Pendle	25-50	40735
0.4722057321	Pendle	50+	20326
0.4738176825	Copeland	Under 25	19160
0.4738176825	Copeland	25-50	32862
0.4738176825	Copeland	50+	18581
0.4783977511	Rhondda Cynon Taff	Under 25	72534
0.4783977511	Rhondda Cynon Taff	25-50	106350
0.4783977511	Rhondda Cynon Taff	50+	55526
0.4968321112	Merthyr Tydfil	Under 25	18008
0.4968321112	Merthyr Tydfil	25-50	27218
0.4968321112	Merthyr Tydfil	50+	13576
0.5588873284	Blaenau Gwent	Under 25	20907
0.5588873284	Blaenau Gwent	25-50	31811
0.5588873284	Blaenau Gwent	50+	17096
0.6260346841	Burnley	Under 25	27168
0.6260346841	Burnley	25-50	39916
0.6260346841	Burnley	50+	19975
#N/A	Corby	Under 25	19607
#N/A	Corby	25-50	30135
#N/A	Corby	50+	11513
#N/A	Daventry	Under 25	22421
#N/A	Daventry	25-50	36530
#N/A	Daventry	50+	18892
#N/A	East Northamptonshire	Under 25	25658
#N/A	East Northamptonshire	25-50	40258
#N/A	East Northamptonshire	50+	20849
#N/A	Kettering	Under 25	27991
#N/A	Kettering	25-50	44276
#N/A	Kettering	50+	21208
#N/A	Northampton	Under 25	69185
#N/A	Northampton	25-50	103064
#N/A	Northampton	50+	39820
#N/A	South Northamptonshire	Under 25	24046
#N/A	South Northamptonshire	25-50	40404
#N/A	South Northamptonshire	50+	20739
#N/A	Wellingborough	Under 25	22522
#N/A	Wellingborough	25-50	35415
#N/A	Wellingborough	50+	17419
#N/A	Forest Heath	Under 25	18073
#N/A	Forest Heath	25-50	28399
#N/A	Forest Heath	50+	13276
#N/A	St Edmundsbury	Under 25	31994
#N/A	St Edmundsbury	25-50	50517
#N/A	St Edmundsbury	50+	28497
#N/A	Suffolk Coastal	Under 25	32942
#N/A	Suffolk Coastal	25-50	52633
#N/A	Suffolk Coastal	50+	38723
#N/A	Waveney	Under 25	31225
#N/A	Waveney	25-50	47606
#N/A	Waveney	50+	36423
#VALUE!	City of London	Under 25	1329
#VALUE!	City of London	25-50	4548
#VALUE!	City of London	50+	1498
#N/A	Aylesbury Vale	Under 25	52803
#N/A	Aylesbury Vale	25-50	84557
#N/A	Aylesbury Vale	50+	36777
#N/A	Chiltern	Under 25	26924
#N/A	Chiltern	25-50	41479
#N/A	Chiltern	50+	24232
#N/A	South Bucks	Under 25	18849
#N/A	South Bucks	25-50	30784
#N/A	South Bucks	50+	17234
#N/A	Wycombe	Under 25	53889
#N/A	Wycombe	25-50	80605
#N/A	Wycombe	50+	37150
#N/A	Bournemouth	Under 25	55055
#N/A	Bournemouth	25-50	85935
#N/A	Bournemouth	50+	42501
#N/A	Isles of Scilly	Under 25	491
#N/A	Isles of Scilly	25-50	1034
#N/A	Isles of Scilly	50+	678
#N/A	Poole	Under 25	40757
#N/A	Poole	25-50	66902
#N/A	Poole	50+	39986
#N/A	Christchurch	Under 25	11494
#N/A	Christchurch	25-50	18350
#N/A	Christchurch	50+	17908
#N/A	East Dorset	Under 25	20964
#N/A	East Dorset	25-50	34528
#N/A	East Dorset	50+	31674
#N/A	North Dorset	Under 25	19333
#N/A	North Dorset	25-50	29305
#N/A	North Dorset	50+	19945
#N/A	Purbeck	Under 25	11455
#N/A	Purbeck	25-50	18848
#N/A	Purbeck	50+	14670
#N/A	West Dorset	Under 25	24608
#N/A	West Dorset	25-50	40035
#N/A	West Dorset	50+	34621
#N/A	Weymouth and Portland	Under 25	17917
#N/A	Weymouth and Portland	25-50	28719
#N/A	Weymouth and Portland	50+	18531
#N/A	Taunton Deane	Under 25	31946
#N/A	Taunton Deane	25-50	48725
#N/A	Taunton Deane	50+	29516
#N/A	West Somerset	Under 25	8008
#N/A	West Somerset	25-50	13474
#N/A	West Somerset	50+	13193