index	area	code	age group	value
1	Kensington and Chelsea	E12000007	Under 25	30598
1	Kensington and Chelsea	E12000007	25-50	58659
1	Kensington and Chelsea	E12000007	50+	52849
2	Camden	E12000007	Under 25	52663
2	Camden	E12000007	25-50	91332
2	Camden	E12000007	50+	64103
3	Westminster	E12000007	Under 25	46649
3	Westminster	E12000007	25-50	91029
3	Westminster	E12000007	50+	64701
4	Hammersmith and Fulham	E12000007	Under 25	42534
4	Hammersmith and Fulham	E12000007	25-50	85680
4	Hammersmith and Fulham	E12000007	50+	53064
5	Brent	E12000007	Under 25	79834
5	Brent	E12000007	25-50	146259
5	Brent	E12000007	50+	109751
6	Elmbridge	E12000008	Under 25	26941
6	Elmbridge	E12000008	25-50	51739
6	Elmbridge	E12000008	50+	58552
7	Haringey	E12000007	Under 25	56941
7	Haringey	E12000007	25-50	122414
7	Haringey	E12000007	50+	81848
8	Hertsmere	E12000006	Under 25	22431
8	Hertsmere	E12000006	25-50	40139
8	Hertsmere	E12000006	50+	44060
9	Mole Valley	E12000008	Under 25	16022
9	Mole Valley	E12000008	25-50	27793
9	Mole Valley	E12000008	50+	42841
10	Islington	E12000007	Under 25	48779
10	Islington	E12000007	25-50	106210
10	Islington	E12000007	50+	59142
11	South Hams	E12000009	Under 25	14509
11	South Hams	E12000009	25-50	25029
11	South Hams	E12000009	50+	48509
12	Barnet	E12000007	Under 25	84790
12	Barnet	E12000007	25-50	161152
12	Barnet	E12000007	50+	138787
13	Sevenoaks	E12000008	Under 25	23261
13	Sevenoaks	E12000008	25-50	40753
13	Sevenoaks	E12000008	50+	55259
14	Oxford	E12000008	Under 25	52673
14	Oxford	E12000008	25-50	60956
14	Oxford	E12000008	50+	47028
15	Hackney	E12000007	Under 25	60366
15	Hackney	E12000007	25-50	127767
15	Hackney	E12000007	50+	67624
16	Cotswold	E12000009	Under 25	15646
16	Cotswold	E12000009	25-50	27576
16	Cotswold	E12000009	50+	46868
17	Richmond upon Thames	E12000007	Under 25	37842
17	Richmond upon Thames	E12000007	25-50	77566
17	Richmond upon Thames	E12000007	50+	77847
18	Merton	E12000007	Under 25	43608
18	Merton	E12000007	25-50	96870
18	Merton	E12000007	50+	71970
19	Chichester	E12000008	Under 25	23110
19	Chichester	E12000008	25-50	36318
19	Chichester	E12000008	50+	63708
20	Three Rivers	E12000006	Under 25	19227
20	Three Rivers	E12000006	25-50	34047
20	Three Rivers	E12000006	50+	39523
21	Harrow	E12000007	Under 25	56627
21	Harrow	E12000007	25-50	106096
21	Harrow	E12000007	50+	95446
22	Brighton and Hove	E12000008	Under 25	68822
22	Brighton and Hove	E12000008	25-50	107872
22	Brighton and Hove	E12000008	50+	98214
23	West Devon	E12000009	Under 25	9437
23	West Devon	E12000009	25-50	15880
23	West Devon	E12000009	50+	31359
24	Cambridge	E12000006	Under 25	44503
24	Cambridge	E12000006	25-50	59602
24	Cambridge	E12000006	50+	40347
25	Ealing	E12000007	Under 25	82095
25	Ealing	E12000007	25-50	159164
25	Ealing	E12000007	50+	121717
26	Waverley	E12000008	Under 25	25813
26	Waverley	E12000008	25-50	42553
26	Waverley	E12000008	50+	58764
27	New Forest	E12000008	Under 25	29120
27	New Forest	E12000008	25-50	49668
27	New Forest	E12000008	50+	95697
28	Welwyn Hatfield	E12000006	Under 25	29936
28	Welwyn Hatfield	E12000006	25-50	44005
28	Welwyn Hatfield	E12000006	50+	44661
29	Epping Forest	E12000006	Under 25	26494
29	Epping Forest	E12000006	25-50	48752
29	Epping Forest	E12000006	50+	58224
30	Kingston upon Thames	E12000007	Under 25	37055
30	Kingston upon Thames	E12000007	25-50	68952
30	Kingston upon Thames	E12000007	50+	60255
31	Waltham Forest	E12000007	Under 25	59040
31	Waltham Forest	E12000007	25-50	131461
31	Waltham Forest	E12000007	50+	84011
32	Enfield	E12000007	Under 25	77435
32	Enfield	E12000007	25-50	129545
32	Enfield	E12000007	50+	119285
33	Wealden	E12000008	Under 25	28069
33	Wealden	E12000008	25-50	47419
33	Wealden	E12000008	50+	83360
34	Epsom and Ewell	E12000008	Under 25	16459
34	Epsom and Ewell	E12000008	25-50	30163
34	Epsom and Ewell	E12000008	50+	33450
35	Tandridge	E12000008	Under 25	17296
35	Tandridge	E12000008	25-50	29801
35	Tandridge	E12000008	50+	39867
36	Windsor and Maidenhead	E12000008	Under 25	30982
36	Windsor and Maidenhead	E12000008	25-50	56347
36	Windsor and Maidenhead	E12000008	50+	64704
37	Redbridge	E12000007	Under 25	72542
37	Redbridge	E12000007	25-50	131602
37	Redbridge	E12000007	50+	102054
38	North Devon	E12000009	Under 25	17574
38	North Devon	E12000009	25-50	30085
38	North Devon	E12000009	50+	50160
39	Southwark	E12000007	Under 25	71775
39	Southwark	E12000007	25-50	147999
39	Southwark	E12000007	50+	84637
40	North Norfolk	E12000006	Under 25	15344
40	North Norfolk	E12000006	25-50	26531
40	North Norfolk	E12000006	50+	60485
41	Uttlesford	E12000006	Under 25	17687
41	Uttlesford	E12000006	25-50	31461
41	Uttlesford	E12000006	50+	41359
42	Winchester	E12000008	Under 25	28758
42	Winchester	E12000008	25-50	41262
42	Winchester	E12000008	50+	56343
43	Woking	E12000008	Under 25	20715
43	Woking	E12000008	25-50	41555
43	Woking	E12000008	50+	40492
44	Arun	E12000008	Under 25	27911
44	Arun	E12000008	25-50	50033
44	Arun	E12000008	50+	85605
45	Lambeth	E12000007	Under 25	72622
45	Lambeth	E12000007	25-50	154826
45	Lambeth	E12000007	50+	87067
46	Dacorum	E12000006	Under 25	30566
46	Dacorum	E12000006	25-50	59438
46	Dacorum	E12000006	50+	63292
47	Adur	E12000008	Under 25	11562
47	Adur	E12000008	25-50	21864
47	Adur	E12000008	50+	30582
48	Bath and North East Somerset	E12000009	Under 25	49719
48	Bath and North East Somerset	E12000009	25-50	62576
48	Bath and North East Somerset	E12000009	50+	79342
49	Sutton	E12000007	Under 25	43033
49	Sutton	E12000007	25-50	85154
49	Sutton	E12000007	50+	79150
50	Tonbridge and Malling	E12000008	Under 25	26433
50	Tonbridge and Malling	E12000008	25-50	47278
50	Tonbridge and Malling	E12000008	50+	57131
51	Lewes	E12000008	Under 25	17635
51	Lewes	E12000008	25-50	30423
51	Lewes	E12000008	50+	51056
52	South Oxfordshire	E12000008	Under 25	27909
52	South Oxfordshire	E12000008	25-50	53103
52	South Oxfordshire	E12000008	50+	66590
53	East Hampshire	E12000008	Under 25	23155
53	East Hampshire	E12000008	25-50	40528
53	East Hampshire	E12000008	50+	60973
54	Hillingdon	E12000007	Under 25	70150
54	Hillingdon	E12000007	25-50	125457
54	Hillingdon	E12000007	50+	106498
55	Buckinghamshire	E12000008	Under 25	111237
55	Buckinghamshire	E12000008	25-50	199784
55	Buckinghamshire	E12000008	50+	236412
56	Horsham	E12000008	Under 25	27214
56	Horsham	E12000008	25-50	48539
56	Horsham	E12000008	50+	69701
57	Test Valley	E12000008	Under 25	23819
57	Test Valley	E12000008	25-50	45963
57	Test Valley	E12000008	50+	59491
58	Runnymede	E12000008	Under 25	21771
58	Runnymede	E12000008	25-50	31059
58	Runnymede	E12000008	50+	34370
59	West Oxfordshire	E12000008	Under 25	21552
59	West Oxfordshire	E12000008	25-50	39175
59	West Oxfordshire	E12000008	50+	52429
60	Tunbridge Wells	E12000008	Under 25	23001
60	Tunbridge Wells	E12000008	25-50	41019
60	Tunbridge Wells	E12000008	50+	50160
61	Torridge	E12000009	Under 25	11248
61	Torridge	E12000009	25-50	19180
61	Torridge	E12000009	50+	37177
62	Teignbridge	E12000009	Under 25	22686
62	Teignbridge	E12000009	25-50	40549
62	Teignbridge	E12000009	50+	70528
63	St Albans	E12000006	Under 25	30188
63	St Albans	E12000006	25-50	55879
63	St Albans	E12000006	50+	60613
64	East Devon	E12000009	Under 25	24894
64	East Devon	E12000009	25-50	43247
64	East Devon	E12000009	50+	81488
65	Rother	E12000008	Under 25	15096
65	Rother	E12000008	25-50	24047
65	Rother	E12000008	50+	53291
66	Dorset	E12000009	Under 25	63984
66	Dorset	E12000009	25-50	105547
66	Dorset	E12000009	50+	207383
67	Wychavon	E12000005	Under 25	23128
67	Wychavon	E12000005	25-50	42312
67	Wychavon	E12000005	50+	65896
68	Wandsworth	E12000007	Under 25	69419
68	Wandsworth	E12000007	25-50	166039
68	Wandsworth	E12000007	50+	88024
69	Hart	E12000008	Under 25	19616
69	Hart	E12000008	25-50	35423
69	Hart	E12000008	50+	43441
70	Reigate and Banstead	E12000008	Under 25	29225
70	Reigate and Banstead	E12000008	25-50	57933
70	Reigate and Banstead	E12000008	50+	62013
71	Lewisham	E12000007	Under 25	64767
71	Lewisham	E12000007	25-50	141047
71	Lewisham	E12000007	50+	90898
72	Newham	E12000007	Under 25	90502
72	Newham	E12000007	25-50	166884
72	Newham	E12000007	50+	88863
73	Guildford	E12000008	Under 25	36652
73	Guildford	E12000008	25-50	49116
73	Guildford	E12000008	50+	56635
74	South Cambridgeshire	E12000006	Under 25	30644
74	South Cambridgeshire	E12000006	25-50	60019
74	South Cambridgeshire	E12000006	50+	69863
75	Wokingham	E12000008	Under 25	36438
75	Wokingham	E12000008	25-50	67218
75	Wokingham	E12000008	50+	72121
76	Mid Sussex	E12000008	Under 25	28782
76	Mid Sussex	E12000008	25-50	54690
76	Mid Sussex	E12000008	50+	67590
77	Basildon	E12000006	Under 25	39081
77	Basildon	E12000006	25-50	71287
77	Basildon	E12000006	50+	74958
78	Maldon	E12000006	Under 25	12018
78	Maldon	E12000006	25-50	20040
78	Maldon	E12000006	50+	33591
79	Hounslow	E12000007	Under 25	62832
79	Hounslow	E12000007	25-50	127959
79	Hounslow	E12000007	50+	93858
80	Havering	E12000007	Under 25	54294
80	Havering	E12000007	25-50	99636
80	Havering	E12000007	50+	105031
81	Canterbury	E12000008	Under 25	41245
81	Canterbury	E12000008	25-50	47166
81	Canterbury	E12000008	50+	67783
82	Surrey Heath	E12000008	Under 25	17556
82	Surrey Heath	E12000008	25-50	32317
82	Surrey Heath	E12000008	50+	39755
83	Derbyshire Dales	E12000004	Under 25	11652
83	Derbyshire Dales	E12000004	25-50	19958
83	Derbyshire Dales	E12000004	50+	39448
84	Cornwall	E12000009	Under 25	104482
84	Cornwall	E12000009	25-50	176185
84	Cornwall	E12000009	50+	284911
85	Spelthorne	E12000008	Under 25	19680
85	Spelthorne	E12000008	25-50	39503
85	Spelthorne	E12000008	50+	42627
86	Bromley	E12000007	Under 25	63907
86	Bromley	E12000007	25-50	127986
86	Bromley	E12000007	50+	134439
87	West Berkshire	E12000008	Under 25	32049
87	West Berkshire	E12000008	25-50	56754
87	West Berkshire	E12000008	50+	71135
88	Exeter	E12000009	Under 25	38400
88	Exeter	E12000009	25-50	44495
88	Exeter	E12000009	50+	46654
89	Vale of White Horse	E12000008	Under 25	26970
89	Vale of White Horse	E12000008	25-50	50802
89	Vale of White Horse	E12000008	50+	59741
90	Bournemouth Christchurch and Poole	E12000009	Under 25	82489
90	Bournemouth Christchurch and Poole	E12000009	25-50	139155
90	Bournemouth Christchurch and Poole	E12000009	50+	174870
91	South Gloucestershire	E12000009	Under 25	61219
91	South Gloucestershire	E12000009	25-50	106080
91	South Gloucestershire	E12000009	50+	120060
92	Worthing	E12000008	Under 25	20271
92	Worthing	E12000008	25-50	38965
92	Worthing	E12000008	50+	51077
93	Croydon	E12000007	Under 25	84620
93	Croydon	E12000007	25-50	160082
93	Croydon	E12000007	50+	140931
94	Babergh	E12000006	Under 25	16351
94	Babergh	E12000006	25-50	27875
94	Babergh	E12000006	50+	47393
95	Castle Point	E12000006	Under 25	16791
95	Castle Point	E12000006	25-50	28214
95	Castle Point	E12000006	50+	43785
96	Stroud	E12000009	Under 25	21953
96	Stroud	E12000009	25-50	39105
96	Stroud	E12000009	50+	59050
97	Havant	E12000008	Under 25	22891
97	Havant	E12000008	25-50	39213
97	Havant	E12000008	50+	60974
98	Stratford-on-Avon	E12000005	Under 25	22964
98	Stratford-on-Avon	E12000005	25-50	42816
98	Stratford-on-Avon	E12000005	50+	67749
99	Rochford	E12000006	Under 25	16350
99	Rochford	E12000006	25-50	27664
99	Rochford	E12000006	50+	40860
100	Isle of Wight	E12000008	Under 25	22870
100	Isle of Wight	E12000008	25-50	40041
100	Isle of Wight	E12000008	50+	76558
101	Stevenage	E12000006	Under 25	18601
101	Stevenage	E12000006	25-50	35372
101	Stevenage	E12000006	50+	34472
102	Barking and Dagenham	E12000007	Under 25	56328
102	Barking and Dagenham	E12000007	25-50	94871
102	Barking and Dagenham	E12000007	50+	64508
103	Broadland	E12000006	Under 25	22598
103	Broadland	E12000006	25-50	41809
103	Broadland	E12000006	50+	66300
104	Bristol	E12000009	Under 25	121664
104	Bristol	E12000009	25-50	196863
104	Bristol	E12000009	50+	148769
105	Rutland	E12000004	Under 25	8175
105	Rutland	E12000004	25-50	12654
105	Rutland	E12000004	50+	19946
106	Mid Suffolk	E12000006	Under 25	18311
106	Mid Suffolk	E12000006	25-50	31799
106	Mid Suffolk	E12000006	50+	51726
107	Herefordshire	E12000005	Under 25	32520
107	Herefordshire	E12000005	25-50	57573
107	Herefordshire	E12000005	50+	95430
108	Chelmsford	E12000006	Under 25	35763
108	Chelmsford	E12000006	25-50	67657
108	Chelmsford	E12000006	50+	76302
109	South Norfolk	E12000006	Under 25	25043
109	South Norfolk	E12000006	25-50	46776
109	South Norfolk	E12000006	50+	68870
110	East Suffolk	E12000006	Under 25	43068
110	East Suffolk	E12000006	25-50	72128
110	East Suffolk	E12000006	50+	128987
111	Wiltshire	E12000009	Under 25	97648
111	Wiltshire	E12000009	25-50	171499
111	Wiltshire	E12000009	50+	236632
112	Mid Devon	E12000009	Under 25	15479
112	Mid Devon	E12000009	25-50	26084
112	Mid Devon	E12000009	50+	40533
113	Watford	E12000006	Under 25	21574
113	Watford	E12000006	25-50	45192
113	Watford	E12000006	50+	34208
114	Malvern Hills	E12000005	Under 25	13831
114	Malvern Hills	E12000005	25-50	22279
114	Malvern Hills	E12000005	50+	42824
115	Ashford	E12000008	Under 25	26745
115	Ashford	E12000008	25-50	47150
115	Ashford	E12000008	50+	57449
116	Bracknell Forest	E12000008	Under 25	26005
116	Bracknell Forest	E12000008	25-50	49564
116	Bracknell Forest	E12000008	50+	47679
117	Harlow	E12000006	Under 25	19909
117	Harlow	E12000006	25-50	37694
117	Harlow	E12000006	50+	34541
118	Central Bedfordshire	E12000006	Under 25	57071
118	Central Bedfordshire	E12000006	25-50	110913
118	Central Bedfordshire	E12000006	50+	122958
119	Fareham	E12000008	Under 25	20255
119	Fareham	E12000008	25-50	36744
119	Fareham	E12000008	50+	56606
120	Greenwich	E12000007	Under 25	64809
120	Greenwich	E12000007	25-50	131604
120	Greenwich	E12000007	50+	88882
121	Eastleigh	E12000008	Under 25	26326
121	Eastleigh	E12000008	25-50	50126
121	Eastleigh	E12000008	50+	58612
122	Broxbourne	E12000006	Under 25	20462
122	Broxbourne	E12000006	25-50	37291
122	Broxbourne	E12000006	50+	40136
123	Thanet	E12000008	Under 25	26536
123	Thanet	E12000008	25-50	46218
123	Thanet	E12000008	50+	66432
124	Maidstone	E12000008	Under 25	34453
124	Maidstone	E12000008	25-50	65316
124	Maidstone	E12000008	50+	74079
125	Tower Hamlets	E12000007	Under 25	83997
125	Tower Hamlets	E12000007	25-50	160468
125	Tower Hamlets	E12000007	50+	61868
126	Hastings	E12000008	Under 25	17455
126	Hastings	E12000008	25-50	31776
126	Hastings	E12000008	50+	40875
127	Bexley	E12000007	Under 25	52906
127	Bexley	E12000007	25-50	92892
127	Bexley	E12000007	50+	97860
128	North Hertfordshire	E12000006	Under 25	25196
128	North Hertfordshire	E12000006	25-50	49387
128	North Hertfordshire	E12000006	50+	57217
129	York	E12000003	Under 25	51924
129	York	E12000003	25-50	67797
129	York	E12000003	50+	81412
130	Cherwell	E12000008	Under 25	31714
130	Cherwell	E12000008	25-50	62376
130	Cherwell	E12000008	50+	65148
131	Breckland	E12000006	Under 25	25451
131	Breckland	E12000006	25-50	45400
131	Breckland	E12000006	50+	69403
132	North Somerset	E12000009	Under 25	39760
132	North Somerset	E12000009	25-50	71634
132	North Somerset	E12000009	50+	103391
133	Monmouthshire	W92000004	Under 25	15971
133	Monmouthshire	W92000004	25-50	28156
133	Monmouthshire	W92000004	50+	48099
134	Folkestone and Hythe	E12000008	Under 25	19802
134	Folkestone and Hythe	E12000008	25-50	34544
134	Folkestone and Hythe	E12000008	50+	54459
135	Braintree	E12000006	Under 25	30238
135	Braintree	E12000006	25-50	54710
135	Braintree	E12000006	50+	68874
136	Melton	E12000004	Under 25	9256
136	Melton	E12000004	25-50	16268
136	Melton	E12000004	50+	25792
137	Bedford	E12000006	Under 25	38923
137	Bedford	E12000006	25-50	71329
137	Bedford	E12000006	50+	72813
138	Crawley	E12000008	Under 25	25487
138	Crawley	E12000008	25-50	50009
138	Crawley	E12000008	50+	41499
139	Trafford	E12000002	Under 25	47817
139	Trafford	E12000002	25-50	88647
139	Trafford	E12000002	50+	96216
140	Brentwood	E12000006	Under 25	14569
140	Brentwood	E12000006	25-50	27828
140	Brentwood	E12000006	50+	33847
141	Tewkesbury	E12000009	Under 25	17235
141	Tewkesbury	E12000009	25-50	32753
141	Tewkesbury	E12000009	50+	43929
142	Vale of Glamorgan	W92000004	Under 25	25224
142	Vale of Glamorgan	W92000004	25-50	44568
142	Vale of Glamorgan	W92000004	50+	60914
143	Rushmoor	E12000008	Under 25	20182
143	Rushmoor	E12000008	25-50	41144
143	Rushmoor	E12000008	50+	37167
144	Rushcliffe	E12000004	Under 25	23592
144	Rushcliffe	E12000004	25-50	40346
144	Rushcliffe	E12000004	50+	54100
145	Gravesham	E12000008	Under 25	22745
145	Gravesham	E12000008	25-50	39947
145	Gravesham	E12000008	50+	42938
146	Oadby and Wigston	E12000004	Under 25	12321
146	Oadby and Wigston	E12000004	25-50	19336
146	Oadby and Wigston	E12000004	50+	25603
147	Harborough	E12000004	Under 25	18517
147	Harborough	E12000004	25-50	32449
147	Harborough	E12000004	50+	45794
148	Bromsgrove	E12000005	Under 25	18658
148	Bromsgrove	E12000005	25-50	32537
148	Bromsgrove	E12000005	50+	47103
149	East Hertfordshire	E12000006	Under 25	29974
149	East Hertfordshire	E12000006	25-50	54974
149	East Hertfordshire	E12000006	50+	63652
150	Torbay	E12000009	Under 25	24172
150	Torbay	E12000009	25-50	42106
150	Torbay	E12000009	50+	71963
151	Charnwood	E12000004	Under 25	45423
151	Charnwood	E12000004	25-50	62354
151	Charnwood	E12000004	50+	74537
152	Eastbourne	E12000008	Under 25	19289
152	Eastbourne	E12000008	25-50	33070
152	Eastbourne	E12000008	50+	48438
153	Dartford	E12000008	Under 25	24669
153	Dartford	E12000008	25-50	48989
153	Dartford	E12000008	50+	41499
154	Luton	E12000006	Under 25	57088
154	Luton	E12000006	25-50	91957
154	Luton	E12000006	50+	73081
155	West Suffolk	E12000006	Under 25	35474
155	West Suffolk	E12000006	25-50	64854
155	West Suffolk	E12000006	50+	77777
156	Dover	E12000008	Under 25	21565
156	Dover	E12000008	25-50	37276
156	Dover	E12000008	50+	56506
157	Huntingdonshire	E12000006	Under 25	33575
157	Huntingdonshire	E12000006	25-50	65587
157	Huntingdonshire	E12000006	50+	79918
158	Southend-on-Sea	E12000006	Under 25	35816
158	Southend-on-Sea	E12000006	25-50	66720
158	Southend-on-Sea	E12000006	50+	76189
159	Colchester	E12000006	Under 25	43401
159	Colchester	E12000006	25-50	71137
159	Colchester	E12000006	50+	76172
160	East Cambridgeshire	E12000006	Under 25	16348
160	East Cambridgeshire	E12000006	25-50	31496
160	East Cambridgeshire	E12000006	50+	39124
161	Basingstoke and Deane	E12000008	Under 25	35991
161	Basingstoke and Deane	E12000008	25-50	71589
161	Basingstoke and Deane	E12000008	50+	75579
162	Kings Lynn and West Norfolk	E12000006	Under 25	27251
162	Kings Lynn and West Norfolk	E12000006	25-50	48526
162	Kings Lynn and West Norfolk	E12000006	50+	77177
163	Slough	E12000008	Under 25	38277
163	Slough	E12000008	25-50	70461
163	Slough	E12000008	50+	47594
164	Medway	E12000008	Under 25	60406
164	Medway	E12000008	25-50	105668
164	Medway	E12000008	50+	110423
165	Warwick	E12000005	Under 25	32909
165	Warwick	E12000005	25-50	53834
165	Warwick	E12000005	50+	60337
166	Powys	W92000004	Under 25	22637
166	Powys	W92000004	25-50	38216
166	Powys	W92000004	50+	71269
167	Forest of Dean	E12000009	Under 25	16227
167	Forest of Dean	E12000009	25-50	26121
167	Forest of Dean	E12000009	50+	43934
168	Tendring	E12000006	Under 25	25422
168	Tendring	E12000006	25-50	41538
168	Tendring	E12000006	50+	80068
169	Thurrock	E12000006	Under 25	39434
169	Thurrock	E12000006	25-50	71845
169	Thurrock	E12000006	50+	62431
170	Swale	E12000008	Under 25	31050
170	Swale	E12000008	25-50	54432
170	Swale	E12000008	50+	64609
171	Solihull	E12000005	Under 25	43149
171	Solihull	E12000005	25-50	73428
171	Solihull	E12000005	50+	97585
172	South Staffordshire	E12000005	Under 25	19281
172	South Staffordshire	E12000005	25-50	34590
172	South Staffordshire	E12000005	50+	55672
173	Hinckley and Bosworth	E12000004	Under 25	20554
173	Hinckley and Bosworth	E12000004	25-50	39164
173	Hinckley and Bosworth	E12000004	50+	52899
174	Cheltenham	E12000009	Under 25	25528
174	Cheltenham	E12000009	25-50	43142
174	Cheltenham	E12000009	50+	49136
175	Isle of Anglesey	W92000004	Under 25	12290
175	Isle of Anglesey	W92000004	25-50	20451
175	Isle of Anglesey	W92000004	50+	35561
176	South Kesteven	E12000004	Under 25	26387
176	South Kesteven	E12000004	25-50	46927
176	South Kesteven	E12000004	50+	68822
177	Milton Keynes	E12000008	Under 25	62487
177	Milton Keynes	E12000008	25-50	118597
177	Milton Keynes	E12000008	50+	102717
178	North Kesteven	E12000004	Under 25	21445
178	North Kesteven	E12000004	25-50	38845
178	North Kesteven	E12000004	50+	56801
179	Reading	E12000008	Under 25	42751
179	Reading	E12000008	25-50	74822
179	Reading	E12000008	50+	54682
180	Shropshire	E12000005	Under 25	58103
180	Shropshire	E12000005	25-50	99638
180	Shropshire	E12000005	50+	163211
181	North Northamptonshire	E12000004	Under 25	72867
181	North Northamptonshire	E12000004	25-50	132850
181	North Northamptonshire	E12000004	50+	150094
182	Ceredigion	W92000004	Under 25	16377
182	Ceredigion	W92000004	25-50	19249
182	Ceredigion	W92000004	50+	35341
183	Rugby	E12000005	Under 25	22869
183	Rugby	E12000005	25-50	43459
183	Rugby	E12000005	50+	46850
184	Redditch	E12000005	Under 25	17502
184	Redditch	E12000005	25-50	32835
184	Redditch	E12000005	50+	35741
185	Pembrokeshire	W92000004	Under 25	22300
185	Pembrokeshire	W92000004	25-50	36585
185	Pembrokeshire	W92000004	50+	63480
186	Blaby	E12000004	Under 25	19646
186	Blaby	E12000004	25-50	36831
186	Blaby	E12000004	50+	45425
187	Gosport	E12000008	Under 25	16016
187	Gosport	E12000008	25-50	27764
187	Gosport	E12000008	50+	37352
188	West Northamptonshire	E12000004	Under 25	89511
188	West Northamptonshire	E12000004	25-50	161380
188	West Northamptonshire	E12000004	50+	170377
189	Lichfield	E12000005	Under 25	19397
189	Lichfield	E12000005	25-50	34928
189	Lichfield	E12000005	50+	51151
190	Stockport	E12000002	Under 25	55689
190	Stockport	E12000002	25-50	107612
190	Stockport	E12000002	50+	128292
191	Leicester	E12000004	Under 25	104335
191	Leicester	E12000004	25-50	142440
191	Leicester	E12000004	50+	117591
192	Cardiff	W92000004	Under 25	99507
192	Cardiff	W92000004	25-50	134110
192	Cardiff	W92000004	50+	125133
193	South Holland	E12000004	Under 25	17157
193	South Holland	E12000004	25-50	31377
193	South Holland	E12000004	50+	45688
194	Cheshire East	E12000002	Under 25	72007
194	Cheshire East	E12000002	25-50	135670
194	Cheshire East	E12000002	50+	187446
195	Plymouth	E12000009	Under 25	61044
195	Plymouth	E12000009	25-50	93297
195	Plymouth	E12000009	50+	107902
196	Portsmouth	E12000008	Under 25	53599
196	Portsmouth	E12000008	25-50	77710
196	Portsmouth	E12000008	50+	74459
197	Gedling	E12000004	Under 25	21438
197	Gedling	E12000004	25-50	41058
197	Gedling	E12000004	50+	53625
198	Norwich	E12000006	Under 25	39228
198	Norwich	E12000006	25-50	54962
198	Norwich	E12000006	50+	48395
199	High Peak	E12000004	Under 25	16353
199	High Peak	E12000004	25-50	29908
199	High Peak	E12000004	50+	43886
200	Wyre Forest	E12000005	Under 25	18190
200	Wyre Forest	E12000005	25-50	32332
200	Wyre Forest	E12000005	50+	50204
201	Manchester	E12000002	Under 25	165262
201	Manchester	E12000002	25-50	226004
201	Manchester	E12000002	50+	154096
202	Gloucester	E12000009	Under 25	28914
202	Gloucester	E12000009	25-50	49321
202	Gloucester	E12000009	50+	52770
203	Denbighshire	W92000004	Under 25	18223
203	Denbighshire	W92000004	25-50	29135
203	Denbighshire	W92000004	50+	47596
204	Tamworth	E12000005	Under 25	15939
204	Tamworth	E12000005	25-50	28844
204	Tamworth	E12000005	50+	33008
205	East Lindsey	E12000004	Under 25	23049
205	East Lindsey	E12000004	25-50	38150
205	East Lindsey	E12000004	50+	80046
206	Cannock Chase	E12000005	Under 25	19509
206	Cannock Chase	E12000005	25-50	35838
206	Cannock Chase	E12000005	50+	44087
207	Newark and Sherwood	E12000004	Under 25	22996
207	Newark and Sherwood	E12000004	25-50	40816
207	Newark and Sherwood	E12000004	50+	57941
208	Fenland	E12000006	Under 25	18956
208	Fenland	E12000006	25-50	34448
208	Fenland	E12000006	50+	48083
209	North East Derbyshire	E12000004	Under 25	17799
209	North East Derbyshire	E12000004	25-50	32424
209	North East Derbyshire	E12000004	50+	50867
210	Gwynedd	W92000004	Under 25	25504
210	Gwynedd	W92000004	25-50	35555
210	Gwynedd	W92000004	50+	55355
211	Warrington	E12000002	Under 25	41239
211	Warrington	E12000002	25-50	76111
211	Warrington	E12000002	50+	91673
212	Great Yarmouth	E12000006	Under 25	18865
212	Great Yarmouth	E12000006	25-50	31949
212	Great Yarmouth	E12000006	50+	48007
213	Southampton	E12000008	Under 25	66440
213	Southampton	E12000008	25-50	97395
213	Southampton	E12000008	50+	82365
214	Ribble Valley	E12000002	Under 25	11238
214	Ribble Valley	E12000002	25-50	18788
214	Ribble Valley	E12000002	50+	31068
215	Peterborough	E12000006	Under 25	48128
215	Peterborough	E12000006	25-50	87928
215	Peterborough	E12000006	50+	76920
216	Worcester	E12000005	Under 25	23244
216	Worcester	E12000005	25-50	38015
216	Worcester	E12000005	50+	41621
217	Cheshire West and Chester	E12000002	Under 25	69617
217	Cheshire West and Chester	E12000002	25-50	122386
217	Cheshire West and Chester	E12000002	50+	161867
218	Ipswich	E12000006	Under 25	30010
218	Ipswich	E12000006	25-50	54604
218	Ipswich	E12000006	50+	53501
219	North West Leicestershire	E12000004	Under 25	20592
219	North West Leicestershire	E12000004	25-50	36843
219	North West Leicestershire	E12000004	50+	46219
220	Newport	W92000004	Under 25	33456
220	Newport	W92000004	25-50	60787
220	Newport	W92000004	50+	63512
221	West Lancashire	E12000002	Under 25	26776
221	West Lancashire	E12000002	25-50	35789
221	West Lancashire	E12000002	50+	53933
222	Swindon	E12000009	Under 25	47283
222	Swindon	E12000009	25-50	91826
222	Swindon	E12000009	50+	91801
223	South Derbyshire	E12000004	Under 25	21218
223	South Derbyshire	E12000004	25-50	39047
223	South Derbyshire	E12000004	50+	45843
224	Stafford	E12000005	Under 25	24599
224	Stafford	E12000005	25-50	46264
224	Stafford	E12000005	50+	64782
225	Fylde	E12000002	Under 25	13079
225	Fylde	E12000002	25-50	24002
225	Fylde	E12000002	50+	43718
226	Walsall	E12000005	Under 25	63942
226	Walsall	E12000005	25-50	103104
226	Walsall	E12000005	50+	113746
227	Nuneaton and Bedworth	E12000005	Under 25	26964
227	Nuneaton and Bedworth	E12000005	25-50	48784
227	Nuneaton and Bedworth	E12000005	50+	56982
228	Birmingham	E12000005	Under 25	309088
228	Birmingham	E12000005	25-50	434469
228	Birmingham	E12000005	50+	387087
229	Dudley	E12000005	Under 25	65183
229	Dudley	E12000005	25-50	113286
229	Dudley	E12000005	50+	141563
230	Telford and Wrekin	E12000005	Under 25	40502
230	Telford and Wrekin	E12000005	25-50	67012
230	Telford and Wrekin	E12000005	50+	76024
231	Bassetlaw	E12000004	Under 25	21726
231	Bassetlaw	E12000004	25-50	39401
231	Bassetlaw	E12000004	50+	55561
232	Nottingham	E12000004	Under 25	106047
232	Nottingham	E12000004	25-50	115963
232	Nottingham	E12000004	50+	98451
233	Staffordshire Moorlands	E12000005	Under 25	16518
233	Staffordshire Moorlands	E12000005	25-50	28811
233	Staffordshire Moorlands	E12000005	50+	49728
234	Conwy	W92000004	Under 25	19759
234	Conwy	W92000004	25-50	33801
234	Conwy	W92000004	50+	60249
235	Boston	E12000004	Under 25	13887
235	Boston	E12000004	25-50	25076
235	Boston	E12000004	50+	30897
236	Leeds	E12000003	Under 25	201261
236	Leeds	E12000003	25-50	306406
236	Leeds	E12000003	50+	295467
237	Sefton	E12000002	Under 25	51065
237	Sefton	E12000002	25-50	91148
237	Sefton	E12000002	50+	134566
238	East Staffordshire	E12000005	Under 25	25120
238	East Staffordshire	E12000005	25-50	45033
238	East Staffordshire	E12000005	50+	52527
239	North Warwickshire	E12000005	Under 25	11928
239	North Warwickshire	E12000005	25-50	21712
239	North Warwickshire	E12000005	50+	30796
240	Coventry	E12000005	Under 25	92393
240	Coventry	E12000005	25-50	127757
240	Coventry	E12000005	50+	121252
241	South Ribble	E12000002	Under 25	20622
241	South Ribble	E12000002	25-50	38037
241	South Ribble	E12000002	50+	51358
242	Tameside	E12000002	Under 25	47512
242	Tameside	E12000002	25-50	85259
242	Tameside	E12000002	50+	95765
243	Sandwell	E12000005	Under 25	79828
243	Sandwell	E12000005	25-50	131915
243	Sandwell	E12000005	50+	125848
244	Broxtowe	E12000004	Under 25	21460
244	Broxtowe	E12000004	25-50	38468
244	Broxtowe	E12000004	50+	50059
245	Sheffield	E12000003	Under 25	140630
245	Sheffield	E12000003	25-50	196755
245	Sheffield	E12000003	50+	213416
246	Bury	E12000002	Under 25	40204
246	Bury	E12000002	25-50	70498
246	Bury	E12000002	50+	81024
247	West Lindsey	E12000004	Under 25	16739
247	West Lindsey	E12000004	25-50	29043
247	West Lindsey	E12000004	50+	48587
248	Amber Valley	E12000004	Under 25	22878
248	Amber Valley	E12000004	25-50	42039
248	Amber Valley	E12000004	50+	60191
249	Lancaster	E12000002	Under 25	35338
249	Lancaster	E12000002	25-50	44779
249	Lancaster	E12000002	50+	61580
250	Newcastle-under-Lyme	E12000005	Under 25	26279
250	Newcastle-under-Lyme	E12000005	25-50	40146
250	Newcastle-under-Lyme	E12000005	50+	55765
251	East Riding of Yorkshire	E12000003	Under 25	58608
251	East Riding of Yorkshire	E12000003	25-50	103668
251	East Riding of Yorkshire	E12000003	50+	177319
252	Chesterfield	E12000004	Under 25	19227
252	Chesterfield	E12000004	25-50	35440
252	Chesterfield	E12000004	50+	47951
253	Carmarthenshire	W92000004	Under 25	35227
253	Carmarthenshire	W92000004	25-50	58873
253	Carmarthenshire	W92000004	50+	92117
254	Swansea	W92000004	Under 25	54818
254	Swansea	W92000004	25-50	79227
254	Swansea	W92000004	50+	102443
255	Derby	E12000004	Under 25	61712
255	Derby	E12000004	25-50	97065
255	Derby	E12000004	50+	99647
256	Chorley	E12000002	Under 25	21737
256	Chorley	E12000002	25-50	42127
256	Chorley	E12000002	50+	52759
257	Wolverhampton	E12000005	Under 25	58741
257	Wolverhampton	E12000005	25-50	99610
257	Wolverhampton	E12000005	50+	102289
258	Rochdale	E12000002	Under 25	49775
258	Rochdale	E12000002	25-50	82999
258	Rochdale	E12000002	50+	88213
259	Wirral	E12000002	Under 25	61218
259	Wirral	E12000002	25-50	106715
259	Wirral	E12000002	50+	149288
260	Flintshire	W92000004	Under 25	29537
260	Flintshire	W92000004	25-50	52619
260	Flintshire	W92000004	50+	71386
261	Bridgend	W92000004	Under 25	28153
261	Bridgend	W92000004	25-50	50655
261	Bridgend	W92000004	50+	65332
262	Salford	E12000002	Under 25	66465
262	Salford	E12000002	25-50	110723
262	Salford	E12000002	50+	89196
263	Wakefield	E12000003	Under 25	69082
263	Wakefield	E12000003	25-50	129326
263	Wakefield	E12000003	50+	151111
264	Torfaen	W92000004	Under 25	18268
264	Torfaen	W92000004	25-50	31806
264	Torfaen	W92000004	50+	41285
265	Erewash	E12000004	Under 25	21265
265	Erewash	E12000004	25-50	39441
265	Erewash	E12000004	50+	51213
266	Mansfield	E12000004	Under 25	21086
266	Mansfield	E12000004	25-50	40059
266	Mansfield	E12000004	50+	48238
267	Ashfield	E12000004	Under 25	24673
267	Ashfield	E12000004	25-50	44829
267	Ashfield	E12000004	50+	55563
268	Wrexham	W92000004	Under 25	26839
268	Wrexham	W92000004	25-50	47201
268	Wrexham	W92000004	50+	59819
269	Rossendale	E12000002	Under 25	13828
269	Rossendale	E12000002	25-50	25012
269	Rossendale	E12000002	50+	31348
270	Kirklees	E12000003	Under 25	96583
270	Kirklees	E12000003	25-50	155015
270	Kirklees	E12000003	50+	176865
271	Wyre	E12000002	Under 25	19331
271	Wyre	E12000002	25-50	32644
271	Wyre	E12000002	50+	59042
272	Northumberland	E12000001	Under 25	55550
272	Northumberland	E12000001	25-50	98219
272	Northumberland	E12000001	50+	164221
273	North Tyneside	E12000001	Under 25	38719
273	North Tyneside	E12000001	25-50	75409
273	North Tyneside	E12000001	50+	92846
274	Caerphilly	W92000004	Under 25	35098
274	Caerphilly	W92000004	25-50	61641
274	Caerphilly	W92000004	50+	77610
275	Lincoln	E12000004	Under 25	31290
275	Lincoln	E12000004	25-50	36424
275	Lincoln	E12000004	50+	35064
276	Halton	E12000002	Under 25	26181
276	Halton	E12000002	25-50	46192
276	Halton	E12000002	50+	54841
277	Wigan	E12000002	Under 25	64973
277	Wigan	E12000002	25-50	118985
277	Wigan	E12000002	50+	142015
278	Oldham	E12000002	Under 25	57760
278	Oldham	E12000002	25-50	88319
278	Oldham	E12000002	50+	93022
279	Rotherham	E12000003	Under 25	53859
279	Rotherham	E12000003	25-50	93565
279	Rotherham	E12000003	50+	115626
280	Newcastle upon Tyne	E12000001	Under 25	87541
280	Newcastle upon Tyne	E12000001	25-50	105655
280	Newcastle upon Tyne	E12000001	50+	103962
281	Bolsover	E12000004	Under 25	15209
281	Bolsover	E12000004	25-50	28000
281	Bolsover	E12000004	50+	36252
282	Bradford	E12000003	Under 25	133373
282	Bradford	E12000003	25-50	203489
282	Bradford	E12000003	50+	202925
283	Calderdale	E12000003	Under 25	41831
283	Calderdale	E12000003	25-50	72447
283	Calderdale	E12000003	50+	90243
284	Liverpool	E12000002	Under 25	126679
284	Liverpool	E12000002	25-50	177291
284	Liverpool	E12000002	50+	177109
285	Blackpool	E12000002	Under 25	27232
285	Blackpool	E12000002	25-50	47903
285	Blackpool	E12000002	50+	64491
286	Bolton	E12000002	Under 25	66456
286	Bolton	E12000002	25-50	107128
286	Bolton	E12000002	50+	118834
287	North Lincolnshire	E12000003	Under 25	32335
287	North Lincolnshire	E12000003	25-50	56163
287	North Lincolnshire	E12000003	50+	79615
288	Redcar and Cleveland	E12000001	Under 25	25851
288	Redcar and Cleveland	E12000001	25-50	43043
288	Redcar and Cleveland	E12000001	50+	66466
289	Knowsley	E12000002	Under 25	32017
289	Knowsley	E12000002	25-50	56059
289	Knowsley	E12000002	50+	64654
290	Stockton-on-Tees	E12000001	Under 25	39694
290	Stockton-on-Tees	E12000001	25-50	69824
290	Stockton-on-Tees	E12000001	50+	85160
291	Preston	E12000002	Under 25	37405
291	Preston	E12000002	25-50	54959
291	Preston	E12000002	50+	53715
292	Doncaster	E12000003	Under 25	61510
292	Doncaster	E12000003	25-50	109863
292	Doncaster	E12000003	50+	133452
293	Barnsley	E12000003	Under 25	47381
293	Barnsley	E12000003	25-50	87025
293	Barnsley	E12000003	50+	107659
294	Rhondda Cynon Taf	W92000004	Under 25	50071
294	Rhondda Cynon Taf	W92000004	25-50	82917
294	Rhondda Cynon Taf	W92000004	50+	102359
295	South Tyneside	E12000001	Under 25	28066
295	South Tyneside	E12000001	25-50	50535
295	South Tyneside	E12000001	50+	67722
296	St. Helens	E12000002	Under 25	35340
296	St. Helens	E12000002	25-50	64683
296	St. Helens	E12000002	50+	81396
297	Blackburn with Darwen	E12000002	Under 25	38074
297	Blackburn with Darwen	E12000002	25-50	57765
297	Blackburn with Darwen	E12000002	50+	56971
298	Neath Port Talbot	W92000004	Under 25	29193
298	Neath Port Talbot	W92000004	25-50	47561
298	Neath Port Talbot	W92000004	50+	64270
299	Sunderland	E12000001	Under 25	54290
299	Sunderland	E12000001	25-50	94317
299	Sunderland	E12000001	50+	122942
300	Middlesbrough	E12000001	Under 25	33765
300	Middlesbrough	E12000001	25-50	51312
300	Middlesbrough	E12000001	50+	57224
301	North East Lincolnshire	E12000003	Under 25	31038
301	North East Lincolnshire	E12000003	25-50	52887
301	North East Lincolnshire	E12000003	50+	71507
302	Stoke-on-Trent	E12000005	Under 25	58416
302	Stoke-on-Trent	E12000005	25-50	94751
302	Stoke-on-Trent	E12000005	50+	102172
303	Darlington	E12000001	Under 25	21225
303	Darlington	E12000001	25-50	37336
303	Darlington	E12000001	50+	48206
304	Kingston upon Hull	E12000003	Under 25	61813
304	Kingston upon Hull	E12000003	25-50	101419
304	Kingston upon Hull	E12000003	50+	100690
305	Merthyr Tydfil	W92000004	Under 25	11859
305	Merthyr Tydfil	W92000004	25-50	20985
305	Merthyr Tydfil	W92000004	50+	25396
306	Gateshead	E12000001	Under 25	38107
306	Gateshead	E12000001	25-50	69487
306	Gateshead	E12000001	50+	86667
307	Pendle	E12000002	Under 25	21200
307	Pendle	E12000002	25-50	34305
307	Pendle	E12000002	50+	39143
308	Hartlepool	E12000001	Under 25	19274
308	Hartlepool	E12000001	25-50	30743
308	Hartlepool	E12000001	50+	41399
309	Blaenau Gwent	W92000004	Under 25	12860
309	Blaenau Gwent	W92000004	25-50	23189
309	Blaenau Gwent	W92000004	50+	30189
310	County Durham	E12000001	Under 25	109184
310	County Durham	E12000001	25-50	169087
310	County Durham	E12000001	50+	239168
311	Hyndburn	E12000002	Under 25	17889
311	Hyndburn	E12000002	25-50	29113
311	Hyndburn	E12000002	50+	34341
312	Burnley	E12000002	Under 25	20396
312	Burnley	E12000002	25-50	34345
312	Burnley	E12000002	50+	38858
313	Isles of Scilly	E12000009	Under 25	598
313	Isles of Scilly	E12000009	25-50	1324
313	Isles of Scilly	E12000009	50+	2158
314	Allerdale	E12000002	Under 25	16998
314	Allerdale	E12000002	25-50	29765
314	Allerdale	E12000002	50+	48552
315	Barrow-in-Furness	E12000002	Under 25	13092
315	Barrow-in-Furness	E12000002	25-50	22731
315	Barrow-in-Furness	E12000002	50+	30947
316	Carlisle	E12000002	Under 25	20885
316	Carlisle	E12000002	25-50	37178
316	Carlisle	E12000002	50+	50968
317	Copeland	E12000002	Under 25	11911
317	Copeland	E12000002	25-50	21284
317	Copeland	E12000002	50+	33269
318	Eden	E12000002	Under 25	9102
318	Eden	E12000002	25-50	15997
318	Eden	E12000002	50+	29232
319	South Lakeland	E12000002	Under 25	17189
319	South Lakeland	E12000002	25-50	30345
319	South Lakeland	E12000002	50+	56211
320	Craven	E12000003	Under 25	9304
320	Craven	E12000003	25-50	16585
320	Craven	E12000003	50+	30645
321	Hambleton	E12000003	Under 25	15062
321	Hambleton	E12000003	25-50	26208
321	Hambleton	E12000003	50+	48766
322	Harrogate	E12000003	Under 25	30196
322	Harrogate	E12000003	25-50	52157
322	Harrogate	E12000003	50+	79017
323	Richmondshire	E12000003	Under 25	9849
323	Richmondshire	E12000003	25-50	15452
323	Richmondshire	E12000003	50+	24030
324	Ryedale	E12000003	Under 25	9120
324	Ryedale	E12000003	25-50	15818
324	Ryedale	E12000003	50+	29355
325	Scarborough	E12000003	Under 25	18349
325	Scarborough	E12000003	25-50	31951
325	Scarborough	E12000003	50+	57549
326	Selby	E12000003	Under 25	16842
326	Selby	E12000003	25-50	32262
326	Selby	E12000003	50+	41943
327	Mendip	E12000009	Under 25	21765
327	Mendip	E12000009	25-50	36575
327	Mendip	E12000009	50+	56756
328	Sedgemoor	E12000009	Under 25	23425
328	Sedgemoor	E12000009	25-50	40029
328	Sedgemoor	E12000009	50+	60813
329	South Somerset	E12000009	Under 25	31446
329	South Somerset	E12000009	25-50	53891
329	South Somerset	E12000009	50+	85763
330	Somerset West and Taunton	E12000009	Under 25	28180
330	Somerset West and Taunton	E12000009	25-50	49564
330	Somerset West and Taunton	E12000009	50+	78302
331	City of London	E12000007	Under 25	3384
331	City of London	E12000007	25-50	8024
331	City of London	E12000007	50+	5662